﻿<?xml version="1.0" encoding="utf-8"?>
<atom:entry xmlns:app="http://www.w3.org/2007/app" xmlns:atom="http://www.w3.org/2005/Atom" xmlns:cmis="http://docs.oasis-open.org/ns/cmis/core/200908/" xmlns:cmisra="http://docs.oasis-open.org/ns/cmis/restatom/200908/" xmlns:sf="urn:telerik:sitefinity:cmis" xml:base="http://localhost:26102/Sitefinity/CMIS/RestAtom/">
  <cmisra:object>
    <cmis:properties>
      <cmis:propertyString propertyDefinitionId="sf:SystemParentType" />
      <cmis:propertyId propertyDefinitionId="sf:SystemParentId">
        <cmis:value>00000000-0000-0000-0000-000000000000</cmis:value>
      </cmis:propertyId>
      <cmis:propertyBoolean propertyDefinitionId="sf:SystemHasChildItems">
        <cmis:value>False</cmis:value>
      </cmis:propertyBoolean>
      <cmis:propertyBoolean propertyDefinitionId="sf:IncludeInSitemap">
        <cmis:value>True</cmis:value>
      </cmis:propertyBoolean>
      <cmis:propertyId propertyDefinitionId="sf:Id">
        <cmis:value>57bedc8a-a864-413d-94b0-0f40eab34ecc</cmis:value>
      </cmis:propertyId>
      <cmis:propertyInteger propertyDefinitionId="sf:Status">
        <cmis:value>2</cmis:value>
      </cmis:propertyInteger>
      <cmis:propertyId propertyDefinitionId="sf:OriginalContentId">
        <cmis:value>bca73c11-57e6-4993-9c7a-2e7ce45c0747</cmis:value>
      </cmis:propertyId>
      <cmis:propertyString propertyDefinitionId="sf:UrlName">
        <cmis:value>canada</cmis:value>
      </cmis:propertyString>
      <cmis:propertyBoolean propertyDefinitionId="sf:AutoGenerateUniqueUrl">
        <cmis:value>False</cmis:value>
      </cmis:propertyBoolean>
      <cmis:propertyString propertyDefinitionId="sf:ApprovalWorkflowState">
        <cmis:value>Published</cmis:value>
      </cmis:propertyString>
      <cmis:propertyString propertyDefinitionId="sf:Title">
        <cmis:value>Canada</cmis:value>
      </cmis:propertyString>
      <cmis:propertyString propertyDefinitionId="sf:Continent">
        <cmis:value>North America</cmis:value>
      </cmis:propertyString>
      <cmis:propertyId propertyDefinitionId="cmis:objectId">
        <cmis:value>57bedc8a-a864-413d-94b0-0f40eab34ecc</cmis:value>
      </cmis:propertyId>
      <cmis:propertyString propertyDefinitionId="sf:Author">
        <cmis:value></cmis:value>
      </cmis:propertyString>
      <cmis:propertyString propertyDefinitionId="cmis:objectTypeId">
        <cmis:value>Telerik.Sitefinity.DynamicTypes.Model.Countries.Country</cmis:value>
      </cmis:propertyString>
      <cmis:propertyString propertyDefinitionId="sf:LangId">
        <cmis:value></cmis:value>
      </cmis:propertyString>
      <cmis:propertyString propertyDefinitionId="sf:ItemAction">
        <cmis:value>New</cmis:value>
      </cmis:propertyString>
      <cmis:propertyString propertyDefinitionId="sf:ModuleName">
        <cmis:value>Countries</cmis:value>
      </cmis:propertyString>
    </cmis:properties>
  </cmisra:object>
  <cmisra:object>
    <cmis:properties>
      <cmis:propertyString propertyDefinitionId="sf:SystemParentType" />
      <cmis:propertyId propertyDefinitionId="sf:SystemParentId">
        <cmis:value>00000000-0000-0000-0000-000000000000</cmis:value>
      </cmis:propertyId>
      <cmis:propertyBoolean propertyDefinitionId="sf:SystemHasChildItems">
        <cmis:value>False</cmis:value>
      </cmis:propertyBoolean>
      <cmis:propertyBoolean propertyDefinitionId="sf:IncludeInSitemap">
        <cmis:value>True</cmis:value>
      </cmis:propertyBoolean>
      <cmis:propertyId propertyDefinitionId="sf:Id">
        <cmis:value>8afe84d1-57ff-42c5-9a83-301a3f7e048a</cmis:value>
      </cmis:propertyId>
      <cmis:propertyInteger propertyDefinitionId="sf:Status">
        <cmis:value>2</cmis:value>
      </cmis:propertyInteger>
      <cmis:propertyId propertyDefinitionId="sf:OriginalContentId">
        <cmis:value>1bf1bcca-df8a-4864-916c-000c98278755</cmis:value>
      </cmis:propertyId>
      <cmis:propertyString propertyDefinitionId="sf:UrlName">
        <cmis:value>usa</cmis:value>
      </cmis:propertyString>
      <cmis:propertyBoolean propertyDefinitionId="sf:AutoGenerateUniqueUrl">
        <cmis:value>False</cmis:value>
      </cmis:propertyBoolean>
      <cmis:propertyString propertyDefinitionId="sf:ApprovalWorkflowState">
        <cmis:value>Published</cmis:value>
      </cmis:propertyString>
      <cmis:propertyString propertyDefinitionId="sf:Title">
        <cmis:value>USA</cmis:value>
      </cmis:propertyString>
      <cmis:propertyString propertyDefinitionId="sf:Continent">
        <cmis:value>North America</cmis:value>
      </cmis:propertyString>
      <cmis:propertyId propertyDefinitionId="cmis:objectId">
        <cmis:value>8afe84d1-57ff-42c5-9a83-301a3f7e048a</cmis:value>
      </cmis:propertyId>
      <cmis:propertyString propertyDefinitionId="sf:Author">
        <cmis:value></cmis:value>
      </cmis:propertyString>
      <cmis:propertyString propertyDefinitionId="cmis:objectTypeId">
        <cmis:value>Telerik.Sitefinity.DynamicTypes.Model.Countries.Country</cmis:value>
      </cmis:propertyString>
      <cmis:propertyString propertyDefinitionId="sf:LangId">
        <cmis:value></cmis:value>
      </cmis:propertyString>
      <cmis:propertyString propertyDefinitionId="sf:ItemAction">
        <cmis:value>New</cmis:value>
      </cmis:propertyString>
      <cmis:propertyString propertyDefinitionId="sf:ModuleName">
        <cmis:value>Countries</cmis:value>
      </cmis:propertyString>
    </cmis:properties>
  </cmisra:object>
  <cmisra:object>
    <cmis:properties>
      <cmis:propertyString propertyDefinitionId="sf:SystemParentType" />
      <cmis:propertyId propertyDefinitionId="sf:SystemParentId">
        <cmis:value>00000000-0000-0000-0000-000000000000</cmis:value>
      </cmis:propertyId>
      <cmis:propertyBoolean propertyDefinitionId="sf:SystemHasChildItems">
        <cmis:value>False</cmis:value>
      </cmis:propertyBoolean>
      <cmis:propertyBoolean propertyDefinitionId="sf:IncludeInSitemap">
        <cmis:value>True</cmis:value>
      </cmis:propertyBoolean>
      <cmis:propertyId propertyDefinitionId="sf:Id">
        <cmis:value>02f90ab9-d295-4541-a948-824426c8d2eb</cmis:value>
      </cmis:propertyId>
      <cmis:propertyInteger propertyDefinitionId="sf:Status">
        <cmis:value>2</cmis:value>
      </cmis:propertyInteger>
      <cmis:propertyId propertyDefinitionId="sf:OriginalContentId">
        <cmis:value>377a9ba5-33e4-44b6-8f6a-9032d8215931</cmis:value>
      </cmis:propertyId>
      <cmis:propertyString propertyDefinitionId="sf:UrlName">
        <cmis:value>united-kingdom</cmis:value>
      </cmis:propertyString>
      <cmis:propertyBoolean propertyDefinitionId="sf:AutoGenerateUniqueUrl">
        <cmis:value>False</cmis:value>
      </cmis:propertyBoolean>
      <cmis:propertyString propertyDefinitionId="sf:ApprovalWorkflowState">
        <cmis:value>Published</cmis:value>
      </cmis:propertyString>
      <cmis:propertyString propertyDefinitionId="sf:Title">
        <cmis:value>United Kingdom</cmis:value>
      </cmis:propertyString>
      <cmis:propertyString propertyDefinitionId="sf:Continent">
        <cmis:value>Europe</cmis:value>
      </cmis:propertyString>
      <cmis:propertyId propertyDefinitionId="cmis:objectId">
        <cmis:value>02f90ab9-d295-4541-a948-824426c8d2eb</cmis:value>
      </cmis:propertyId>
      <cmis:propertyString propertyDefinitionId="sf:Author">
        <cmis:value></cmis:value>
      </cmis:propertyString>
      <cmis:propertyString propertyDefinitionId="cmis:objectTypeId">
        <cmis:value>Telerik.Sitefinity.DynamicTypes.Model.Countries.Country</cmis:value>
      </cmis:propertyString>
      <cmis:propertyString propertyDefinitionId="sf:LangId">
        <cmis:value></cmis:value>
      </cmis:propertyString>
      <cmis:propertyString propertyDefinitionId="sf:ItemAction">
        <cmis:value>New</cmis:value>
      </cmis:propertyString>
      <cmis:propertyString propertyDefinitionId="sf:ModuleName">
        <cmis:value>Countries</cmis:value>
      </cmis:propertyString>
    </cmis:properties>
  </cmisra:object>
  <cmisra:object>
    <cmis:properties>
      <cmis:propertyString propertyDefinitionId="sf:SystemParentType" />
      <cmis:propertyId propertyDefinitionId="sf:SystemParentId">
        <cmis:value>00000000-0000-0000-0000-000000000000</cmis:value>
      </cmis:propertyId>
      <cmis:propertyBoolean propertyDefinitionId="sf:SystemHasChildItems">
        <cmis:value>False</cmis:value>
      </cmis:propertyBoolean>
      <cmis:propertyBoolean propertyDefinitionId="sf:IncludeInSitemap">
        <cmis:value>True</cmis:value>
      </cmis:propertyBoolean>
      <cmis:propertyId propertyDefinitionId="sf:Id">
        <cmis:value>6bd96ea1-3ad7-4be2-bc2b-8808da5f7cc3</cmis:value>
      </cmis:propertyId>
      <cmis:propertyInteger propertyDefinitionId="sf:Status">
        <cmis:value>2</cmis:value>
      </cmis:propertyInteger>
      <cmis:propertyId propertyDefinitionId="sf:OriginalContentId">
        <cmis:value>3044f243-ecc2-4c3c-b904-fb02602ba805</cmis:value>
      </cmis:propertyId>
      <cmis:propertyString propertyDefinitionId="sf:UrlName">
        <cmis:value>france</cmis:value>
      </cmis:propertyString>
      <cmis:propertyBoolean propertyDefinitionId="sf:AutoGenerateUniqueUrl">
        <cmis:value>False</cmis:value>
      </cmis:propertyBoolean>
      <cmis:propertyString propertyDefinitionId="sf:ApprovalWorkflowState">
        <cmis:value>Published</cmis:value>
      </cmis:propertyString>
      <cmis:propertyString propertyDefinitionId="sf:Title">
        <cmis:value>France</cmis:value>
      </cmis:propertyString>
      <cmis:propertyString propertyDefinitionId="sf:Continent">
        <cmis:value>Europe</cmis:value>
      </cmis:propertyString>
      <cmis:propertyId propertyDefinitionId="cmis:objectId">
        <cmis:value>6bd96ea1-3ad7-4be2-bc2b-8808da5f7cc3</cmis:value>
      </cmis:propertyId>
      <cmis:propertyString propertyDefinitionId="sf:Author">
        <cmis:value></cmis:value>
      </cmis:propertyString>
      <cmis:propertyString propertyDefinitionId="cmis:objectTypeId">
        <cmis:value>Telerik.Sitefinity.DynamicTypes.Model.Countries.Country</cmis:value>
      </cmis:propertyString>
      <cmis:propertyString propertyDefinitionId="sf:LangId">
        <cmis:value></cmis:value>
      </cmis:propertyString>
      <cmis:propertyString propertyDefinitionId="sf:ItemAction">
        <cmis:value>New</cmis:value>
      </cmis:propertyString>
      <cmis:propertyString propertyDefinitionId="sf:ModuleName">
        <cmis:value>Countries</cmis:value>
      </cmis:propertyString>
    </cmis:properties>
  </cmisra:object>
  <cmisra:object>
    <cmis:properties>
      <cmis:propertyString propertyDefinitionId="sf:SystemParentType" />
      <cmis:propertyId propertyDefinitionId="sf:SystemParentId">
        <cmis:value>00000000-0000-0000-0000-000000000000</cmis:value>
      </cmis:propertyId>
      <cmis:propertyBoolean propertyDefinitionId="sf:SystemHasChildItems">
        <cmis:value>False</cmis:value>
      </cmis:propertyBoolean>
      <cmis:propertyBoolean propertyDefinitionId="sf:IncludeInSitemap">
        <cmis:value>True</cmis:value>
      </cmis:propertyBoolean>
      <cmis:propertyId propertyDefinitionId="sf:Id">
        <cmis:value>c452ae72-daa6-4c76-9810-de3d47bb063a</cmis:value>
      </cmis:propertyId>
      <cmis:propertyInteger propertyDefinitionId="sf:Status">
        <cmis:value>2</cmis:value>
      </cmis:propertyInteger>
      <cmis:propertyId propertyDefinitionId="sf:OriginalContentId">
        <cmis:value>ec2f0848-a81d-49b9-b4cf-0619973061cc</cmis:value>
      </cmis:propertyId>
      <cmis:propertyString propertyDefinitionId="sf:UrlName">
        <cmis:value>germany</cmis:value>
      </cmis:propertyString>
      <cmis:propertyBoolean propertyDefinitionId="sf:AutoGenerateUniqueUrl">
        <cmis:value>False</cmis:value>
      </cmis:propertyBoolean>
      <cmis:propertyString propertyDefinitionId="sf:ApprovalWorkflowState">
        <cmis:value>Published</cmis:value>
      </cmis:propertyString>
      <cmis:propertyString propertyDefinitionId="sf:Title">
        <cmis:value>Germany</cmis:value>
      </cmis:propertyString>
      <cmis:propertyString propertyDefinitionId="sf:Continent">
        <cmis:value>Europe</cmis:value>
      </cmis:propertyString>
      <cmis:propertyId propertyDefinitionId="cmis:objectId">
        <cmis:value>c452ae72-daa6-4c76-9810-de3d47bb063a</cmis:value>
      </cmis:propertyId>
      <cmis:propertyString propertyDefinitionId="sf:Author">
        <cmis:value></cmis:value>
      </cmis:propertyString>
      <cmis:propertyString propertyDefinitionId="cmis:objectTypeId">
        <cmis:value>Telerik.Sitefinity.DynamicTypes.Model.Countries.Country</cmis:value>
      </cmis:propertyString>
      <cmis:propertyString propertyDefinitionId="sf:LangId">
        <cmis:value></cmis:value>
      </cmis:propertyString>
      <cmis:propertyString propertyDefinitionId="sf:ItemAction">
        <cmis:value>New</cmis:value>
      </cmis:propertyString>
      <cmis:propertyString propertyDefinitionId="sf:ModuleName">
        <cmis:value>Countries</cmis:value>
      </cmis:propertyString>
    </cmis:properties>
  </cmisra:object>
</atom:entry>